<?xml version="1.0" encoding="UTF-8"?>
<project-private xmlns="http://www.netbeans.org/ns/project-private/1">
    <editor-bookmarks xmlns="http://www.netbeans.org/ns/editor-bookmarks/2" lastBookmarkId="0"/>
    <open-files xmlns="http://www.netbeans.org/ns/projectui-open-files/2">
        <group>
            <file>file:/opt/lampp/htdocs/eye_center/php/controller/get_employee_info.php</file>
            <file>file:/opt/lampp/htdocs/eye_center/php/model/database.php</file>
            <file>file:/opt/lampp/htdocs/eye_center/php/controller/get_reservation_data.php</file>
            <file>file:/opt/lampp/htdocs/eye_center/php/model/reservation.php</file>
            <file>file:/opt/lampp/htdocs/eye_center/php/model/administrator.php</file>
            <file>file:/opt/lampp/htdocs/eye_center/testPage.php</file>
        </group>
    </open-files>
</project-private>
